{"cameraMode":{"drawMode":0,"name":"Shaded","section":"Shading Mode"},"sceneLighting":true,"audioPlay":false,"sceneViewState":{"m_AlwaysRefresh":false,"showFog":true,"showSkybox":true,"showFlares":true,"showImageEffects":true,"showParticleSystems":true,"showVisualEffectGraphs":true,"m_FxEnabled":true},"in2DMode":false,"pivot":{"x":30.844636917114259,"y":-11.113693237304688,"z":37.70210266113281},"rotation":{"x":-0.24112793803215028,"y":-0.09821153432130814,"z":0.024537401273846628,"w":-0.9652094841003418},"size":33.24106216430664,"orthographic":false}