{"cameraMode":{"drawMode":0,"name":"Shaded","section":"Shading Mode"},"sceneLighting":true,"audioPlay":false,"sceneViewState":{"m_AlwaysRefresh":false,"showFog":true,"showSkybox":true,"showFlares":true,"showImageEffects":true,"showParticleSystems":true,"showVisualEffectGraphs":true,"m_FxEnabled":true},"in2DMode":false,"pivot":{"x":2.6834664344787599,"y":-20.65021514892578,"z":76.4352798461914},"rotation":{"x":-0.12147756665945053,"y":0.02292442135512829,"z":-0.0028137650806456806,"w":-0.9923419952392578},"size":16.106395721435548,"orthographic":false}