{"cameraMode":{"drawMode":0,"name":"Shaded","section":"Shading Mode"},"sceneLighting":true,"audioPlay":false,"sceneViewState":{"m_AlwaysRefresh":false,"showFog":true,"showSkybox":true,"showFlares":true,"showImageEffects":true,"showParticleSystems":true,"showVisualEffectGraphs":true,"m_FxEnabled":true},"in2DMode":false,"pivot":{"x":167.5629425048828,"y":165.0928497314453,"z":7.201326370239258},"rotation":{"x":0.004499801900237799,"y":-0.009602410718798638,"z":0.00004200345938443206,"w":0.9999529123306274},"size":170.67201232910157,"orthographic":false}