{"cameraMode":{"drawMode":0,"name":"Shaded","section":"Shading Mode"},"sceneLighting":true,"audioPlay":false,"sceneViewState":{"m_AlwaysRefresh":false,"showFog":true,"showSkybox":true,"showFlares":true,"showImageEffects":true,"showParticleSystems":true,"showVisualEffectGraphs":true,"m_FxEnabled":true},"in2DMode":false,"pivot":{"x":31.844287872314454,"y":-19.494686126708986,"z":53.681556701660159},"rotation":{"x":-0.07214836031198502,"y":-0.6581359505653381,"z":0.06357469409704209,"w":-0.7467553615570068},"size":16.265819549560548,"orthographic":false}