{"cameraMode":{"drawMode":0,"name":"Shaded","section":"Shading Mode"},"sceneLighting":true,"audioPlay":false,"sceneViewState":{"m_AlwaysRefresh":false,"showFog":true,"showSkybox":true,"showFlares":true,"showImageEffects":true,"showParticleSystems":true,"showVisualEffectGraphs":true,"m_FxEnabled":true},"in2DMode":false,"pivot":{"x":310.52886962890627,"y":233.7850341796875,"z":-2.23062801361084},"rotation":{"x":-0.007809496484696865,"y":-0.0009034978575073183,"z":0.0000070803475864522628,"w":-0.9999738335609436},"size":149.7837371826172,"orthographic":false}