{"cameraMode":{"drawMode":0,"name":"Shaded","section":"Shading Mode"},"sceneLighting":false,"audioPlay":false,"sceneViewState":{"m_AlwaysRefresh":false,"showFog":true,"showSkybox":false,"showFlares":true,"showImageEffects":true,"showParticleSystems":true,"showVisualEffectGraphs":true,"m_FxEnabled":true},"in2DMode":false,"pivot":{"x":0.9723396301269531,"y":91.39696502685547,"z":-8.639780044555664},"rotation":{"x":-0.0072057126089930538,"y":0.9625393152236939,"z":-0.2698233723640442,"w":-0.025705041363835336},"size":27.225183486938478,"orthographic":false}