{"cameraMode":{"drawMode":0,"name":"Shaded","section":"Shading Mode"},"sceneLighting":false,"audioPlay":false,"sceneViewState":{"m_AlwaysRefresh":false,"showFog":true,"showSkybox":false,"showFlares":true,"showImageEffects":true,"showParticleSystems":true,"showVisualEffectGraphs":true,"m_FxEnabled":true},"in2DMode":false,"pivot":{"x":26.635000228881837,"y":58.46099853515625,"z":49.382999420166019},"rotation":{"x":-0.07228168845176697,"y":0.8991489410400391,"z":-0.16251443326473237,"w":-0.3999346196651459},"size":0.7794241905212402,"orthographic":false}