{"cameraMode":{"drawMode":0,"name":"Shaded","section":"Shading Mode"},"sceneLighting":false,"audioPlay":false,"sceneViewState":{"m_AlwaysRefresh":false,"showFog":true,"showSkybox":false,"showFlares":true,"showImageEffects":true,"showParticleSystems":true,"showVisualEffectGraphs":true,"m_FxEnabled":true},"in2DMode":false,"pivot":{"x":4.349999904632568,"y":-11.800000190734864,"z":40.13999938964844},"rotation":{"x":-0.07416199892759323,"y":0.9208810329437256,"z":-0.31574299931526186,"w":-0.21629749238491059},"size":0.21650634706020356,"orthographic":false}